binaryname,source_id,ra,ra_error,dec,dec_error,parallax,parallax_error,phot_g_mean_mag,phot_g_mean_flux,phot_g_mean_flux_error,phot_bp_mean_mag,phot_bp_mean_flux,phot_bp_mean_flux_error,phot_rp_mean_mag,phot_rp_mean_flux,phot_rp_mean_flux_error,j_m,j_msigcom,h_m,h_msigcom,ks_m,ks_msigcom,w1mpro,w1mpro_error,w2mpro,w2mpro_error,w3mpro,w3mpro_error,w4mpro,w4mpro_error,g_mean_psf_mag,g_mean_psf_mag_error,r_mean_psf_mag,r_mean_psf_mag_error,i_mean_psf_mag,i_mean_psf_mag_error,z_mean_psf_mag,z_mean_psf_mag_error,y_mean_psf_mag,y_mean_psf_mag_error
V4403 Sgr,6735526872216908160,280.54772753623246,0.04369613636859757,-34.04041850709076,0.043484120115025636,4.699528834935588,0.05372648880572584,8.496561,7528734.814360959,32117.038861848716,8.757669,4339976.828020287,47600.6077072971,8.091218,4658871.855448602,49166.34819889329,7.648,0.021,7.494,0.055,7.367,0.018,7.359,0.037,7.382,0.02,7.391,0.019,7.541,0.143,,,,,,,,,,
PT Vel,5427171390199613184,137.74058114456687,0.033567700974781234,-43.267616815779306,0.040166807713204446,5.758754615477884,0.04248248081058883,6.9947834,3.0021535570341848E7,22063.391210145408,7.0530524,2.0860964432680197E7,110765.4892794689,6.959857,1.3207641775416652E7,66505.99635338833,6.863,0.03,6.853,0.029,6.837,0.029,6.831,0.071,6.868,0.02,6.933,0.018,6.809,0.073,,,,,,,,,,
V760 Sco,6022357104710630144,246.18214078484118,0.08693188678805379,-34.893837539898634,0.053969207495761846,3.3873442960019866,0.09069443612304928,6.924578,3.2026904150606405E7,61937.275900908215,7.0389137,2.113438980163705E7,140098.41108308017,6.9049597,1.3892620275787469E7,644109.5685619091,6.571,0.024,6.543,0.053,6.545,0.023,6.592,0.076,6.575,0.024,6.615,0.016,5.382,0.038,,,,,,,,,,
V467 Vel,5329858843022355072,130.95750086466393,0.02698421518327908,-46.11908371841393,0.026324631964873495,0.14878137187429627,0.03339302672359155,10.785891,914092.4741708204,1766.3190661356766,11.017845,541274.1859889741,3762.5184939438227,10.391666,559888.1688605591,4564.93253314553,9.878,0.026,9.689,0.022,9.641,0.023,9.597,0.022,9.614,0.02,9.767,0.054,8.203,0.406,,,,,,,,,,
EM Car,5337239658437912960,168.0187183318683,0.03656706227547541,-61.09525773428861,0.033118513542527185,0.3345929877875001,0.042664473557908374,8.29366,9075744.429925965,24623.504647348946,8.480122,5604109.637064866,43993.416747851414,7.990741,5110597.885195939,59500.86715175516,7.967,0.026,7.896,0.042,7.83,0.021,7.509,0.026,7.517,0.02,7.575,0.027,5.447,0.127,,,,,,,,,,
V349 Ara,5830596160805580544,249.84416044444882,0.038491868553692396,-60.96173644518638,0.028540792093908633,1.7022616023523882,0.05061972440508323,8.652143,6523630.761705791,39335.49604840893,8.763314,4317471.517570052,67023.17082668202,8.422042,3435194.2222178834,53933.11826190352,8.108,0.026,8.068,0.02,7.997,0.029,7.975,0.023,8.004,0.02,8.013,0.019,7.95,0.19,,,,,,,,,,
V906 Sco,4040825529908227072,268.4782323219647,0.727212645910147,-34.75274607764597,0.7230366507028089,,,5.967238,7.73483667312166E7,446072.6238801009,6.032366,5.3408330207977675E7,1282701.2162544192,6.009439,3.1695122833492324E7,638064.8621318474,5.869,0.019,5.868,0.036,5.823,0.02,5.722,0.107,5.715,0.037,5.893,0.017,5.795,0.04,,,,,,,,,,
V392 Car,5290673829139963520,119.5436144722668,0.03311105976601172,-60.86590426157464,0.0338867128649147,2.369749458358389,0.03435043515877113,9.466132,3082432.531040093,712.9461933301073,9.587927,2020154.9037530748,2201.4322853776466,9.283184,1554154.535642671,2037.019726414361,9.053,0.026,8.973,0.023,8.936,0.021,8.879,0.023,8.901,0.02,8.937,0.024,8.963,0.275,,,,,,,,,,
SW CMa,2927876770452174848,107.06346101660719,0.021654483721777872,-22.440314467887873,0.030049183446352486,1.5870546828993275,0.041110698992256306,9.106494,4292880.292658863,1644.5100791681662,9.200815,2885554.306130408,2381.0830205062894,8.9612255,2090633.2708981545,1589.1536528152023,8.79,0.024,8.749,0.046,8.717,0.024,8.666,0.022,8.691,0.02,8.643,0.023,8.505,0.28,,,,,,,,,,
HW CMa,2927877354567690624,107.09102707964986,0.017859264157506945,-22.408304605072633,0.026413583331862008,2.8343064520001726,0.03306772936357746,9.130308,4199745.935429057,1067.6579859597364,9.2491045,2760028.3698240053,1939.7568664816686,8.95424,2104127.3347407696,1853.9614883525664,8.756,0.029,8.695,0.027,8.686,0.02,8.643,0.023,8.668,0.02,8.664,0.025,8.914,0.51,,,,,,,,,,
HS Hya,5668792270155162240,156.1531353593697,0.06584510147404297,-19.0925339329651,0.055948761774870466,9.465285332573739,0.07249692876909979,7.9601626,1.2339036850583361E7,6625.475592081197,8.2168865,7141686.927627885,12712.075031040597,7.5922885,7376539.573167029,16486.66545389599,7.206,0.021,7.034,0.034,6.957,0.016,6.849,0.062,6.885,0.02,6.919,0.016,6.859,0.085,,,,,,,,,,
HD 187669,6748088826900811904,298.0920497125879,0.038937290624933625,-32.5610778951716,0.02975206762544577,1.5448702582213798,0.05571118003447276,8.411132,8145049.344676243,6394.2171354061065,9.132574,3072738.982690516,6980.290995719832,7.627333,7142244.6815095125,19911.425977460854,6.492,0.024,5.862,0.033,5.674,0.02,5.625,0.163,5.556,0.046,5.603,0.015,5.551,0.036,,,,,,,,,,
V3903 Sgr,4066278846098710016,272.32376275864743,0.06292651760676661,-23.988402746059265,0.0531598470288393,0.9082223600590964,0.05632618629127553,7.198069,2.489537031443731E7,78303.821146077,7.2909775,1.6755764161030633E7,147148.11519912945,7.01221,1.2585893777432967E7,110707.19857334941,6.819,0.02,6.79,0.018,6.779,0.024,6.749,0.062,6.843,0.02,7.263,0.036,8.262,,,,,,,,,,,
ASAS J180057-2333.8,4069123969836636160,270.2377848438203,0.042312220600351315,-23.5616467028444,0.03865300215287441,0.6406513051345754,0.04647901193897941,9.410219,3245327.3469664217,6104.780089538554,10.604432,792104.5558704596,4528.4901588653765,8.376886,3581073.811971512,29175.263590318722,7.048,0.024,6.243,0.034,5.917,0.02,5.236,0.195,5.237,0.077,5.268,0.023,2.553,0.031,,,,,,,,,,
VV Pyx,5706279565053294848,126.88869027087249,0.6972579522700407,-20.844025100204234,0.6970291256913451,,,6.557402,4.49143779620304E7,40704.79247487946,6.5996294,3.167403855121105E7,84049.33064786489,6.5131707,1.9929650975371398E7,66146.92741801379,6.403,0.018,6.41,0.024,6.374,0.024,6.402,0.078,6.351,0.025,6.483,0.015,6.319,0.063,,,,,,,,,,
GZ CMa,2934917596236264704,109.07999921276458,0.03467272020646582,-16.71673969787544,0.03517191331021553,3.4159109937100305,0.05028216390196735,7.9388747,1.2583352280933836E7,6879.195856414898,8.031096,8474547.430775188,11978.194998995783,7.810858,6031493.570879231,8686.564409436822,7.613,0.023,7.611,0.031,7.559,0.029,7.535,0.031,7.584,0.02,7.593,0.018,7.492,0.14,,,,,,,,,,
BH Vir,3658016297314889728,209.60359631738,0.031886244077949946,-1.6608453512336812,0.02444688633321485,6.6999031329342715,0.03398214676284697,9.47758,3050102.450674174,6352.949849081173,9.814621,1639482.4025507334,10663.628472898507,9.007939,2002590.163793696,6475.590076836955,8.459,0.026,8.185,0.057,8.072,0.044,8.125,0.022,8.152,0.02,8.076,0.02,7.885,0.181,,,,,,,,,,
HI Mon,3102528381419183616,103.95443844116323,0.03975319181869175,-4.043274557057092,0.038860785352222725,0.3923017582448205,0.0458981364583024,9.290542,3623512.972102478,29935.395725906554,9.425905,2345272.5072409576,86192.77759689989,9.196197,1683795.7329871843,64485.9531828361,9.078,0.03,9.077,0.023,9.058,0.023,9.046,0.022,9.099,0.019,8.102,0.02,4.474,0.033,,,,,,,,,,
EF Aqr,2634889975703593600,345.32967236981153,0.04494750493265521,-6.437674245709236,0.03988229379615755,5.7645029062538145,0.06033501626892497,9.742618,2389457.577583326,2085.3480896975425,10.065676,1301023.3991822056,3597.519530429351,9.295764,1536252.4247970046,3092.4309154790453,8.818,0.023,8.523,0.026,8.481,0.023,8.428,0.023,8.46,0.021,8.357,0.034,8.019,0.367,,,,,,,,,,
VZ Hya,5755010401431461120,127.92255050470759,0.0377977924348784,-6.318717348512063,0.0336876538038528,6.764920177133198,0.0490637361727227,8.838481,5494824.426419959,1284.1715760098582,9.090853,3193112.7000705427,3706.4074175406636,8.461676,3312057.261741115,3571.53484731102,8.076,0.024,7.852,0.024,7.784,0.017,7.707,0.03,7.754,0.02,7.744,0.021,7.698,0.175,,,,,,,,,,
KW Hya,5745846869663201024,138.10845882125943,0.06877912364501858,-7.109759252456557,0.09330644025497112,11.67442435712804,0.08914254028707574,6.0528965,7.148053125835907E7,44437.13090466185,6.187864,4.628175397210701E7,135079.77687794372,5.879586,3.5721814055660374E7,113332.13247233663,5.654,0.023,5.632,0.04,5.544,0.021,5.605,0.155,5.465,0.057,5.603,0.015,5.54,0.039,,,,,,,,,,
BW Aqr,2599211025245327232,335.8163121370499,0.10928041610470977,-15.332341580121598,0.06962901126350078,2.3953830534327616,0.12888813842518504,10.196876,1572520.1445883268,1544.2902746158354,10.480267,888072.8590018913,619.1061513455019,9.799299,966158.6442321858,864.1419454640773,9.933,0.023,9.68,0.021,9.645,0.019,9.023,0.023,9.059,0.02,9.025,0.033,8.388,,,,,,,,,,,
ASAS J045304-0700.4,3187988785977092352,73.26850863354359,0.02561054273825272,-7.00666038149813,0.024489891525654704,7.482129354299577,0.03446594281908089,11.133326,663767.7273968754,2075.7381366434693,11.693579,290485.10546612955,3319.5458675680197,10.456701,527335.8796652036,4460.2634480547395,9.561,0.026,9.041,0.023,8.914,0.026,8.871,0.023,8.892,0.02,8.826,0.028,8.812,0.489,,,,,,,,,,
DM Vir,6304441073411046400,211.96825457529647,0.052143748099588015,-11.15206877834244,0.0760767178652492,5.217061038587557,0.07136770366525237,8.609196,6786844.855261606,3024.4945591019837,8.878088,3884365.5513458345,7985.177445342416,8.22256,4128042.9517625687,7832.326453390447,7.792,0.026,7.611,0.053,7.528,0.018,7.512,0.029,7.569,0.02,7.573,0.017,7.549,0.122,,,,,,,,,,
V501 Mon,3107300364962651520,100.17385758066301,0.040247310043865274,-1.1111316294872406,0.04383666856947321,1.020456944911192,0.04627676900375689,12.188422,251175.5299744509,56.25432787401768,12.476415,141250.25566168124,143.17686506460396,11.750033,160234.04372221802,128.3363204719485,11.256,0.026,11.073,0.026,10.982,0.023,10.986,0.023,11.012,0.022,11.014,0.116,8.62,,12.5430002212524,,12.3070001602173,,12.1960000991821,,12.0880002975464,,12.0717000961304,0.00505399983376265
HY Vir,3684484600212307712,197.12459947193892,0.06011952610737637,-2.678902291516729,0.03453050441158677,5.484073101218413,0.0683519345929876,7.7317348,1.5228333346074168E7,8781.893041217574,7.9500737,9131156.58154551,22677.39691447088,7.4242654,8611161.9309898,38538.58156391994,7.097,0.024,6.914,0.042,6.874,0.029,6.906,0.062,6.902,0.021,6.94,0.016,6.95,0.107,,,,,,,,,,
FS Mon,3058619972980156032,111.17629269201144,0.034970335978811155,-5.154103052599069,0.03308350017796642,2.9498948056013163,0.04072465159264616,9.508545,2964342.5920997034,3698.4076314905915,9.726771,1777651.889855262,5981.5604557156485,9.180641,1708093.5870269223,5262.659090689,8.826,0.02,8.651,0.04,8.656,0.023,8.602,0.023,8.621,0.02,8.662,0.028,8.631,,,,,,,,,,,
EG Ser,4270494022591579776,276.5091315422728,0.06203760651045741,-1.6810007098332858,0.06693782238421514,4.287937855813203,0.08236681974404421,8.198031,9911373.750840683,5511.815787333685,8.301053,6608971.435898149,28762.110746993014,7.97786,5171589.517058287,6214.5333847117845,7.673,0.024,7.671,0.031,7.588,0.026,7.547,0.026,7.58,0.02,7.661,0.018,7.623,0.212,,,,,,,,,,
V413 Ser,4272605845129174016,278.78423467334335,1.5497856274788135,0.042975304423932895,1.6496032262999447,,,7.701976,1.5651497140643816E7,26038.84994133618,8.146217,7621992.225953576,51896.946929327816,7.1169724,1.1428229209195545E7,115802.85024519326,6.389,0.021,6.27,0.038,6.11,0.017,6.184,0.085,6.007,0.037,5.661,0.014,3.505,0.029,,,,,,,,,,
CoRoT 105906206,4285511942679584512,280.82064031933555,0.03984274629617828,5.966711943585242,0.044845331488551625,0.9901094785789986,0.050698105121369984,11.717471,387576.99649837834,1284.723444119572,12.137273,193039.45821062825,1953.977761907738,11.137684,281640.00386142335,2674.9366847701635,10.393,0.023,10.188,0.023,10.073,0.021,10.066,0.024,10.08,0.02,9.923,0.057,8.61,,,,,,,,,,,
IO Aqr,4231287675625475840,310.1894380570093,0.02802529715975856,0.939060573412595,0.02350791844824384,3.915479483829286,0.035169359964459496,8.693375,6280532.310664366,7644.497146623922,8.970088,3568782.3747364967,11986.740026064484,8.290912,3876173.5354807293,12563.750325397687,7.83,0.029,7.646,0.024,7.555,0.033,7.53,0.032,7.593,0.02,7.613,0.02,7.556,0.179,,,,,,,,,,
GG Ori,3218981269985120384,85.79260978442196,0.035136511092257926,-0.6874530930485014,0.038626234470101536,2.1382573828803544,0.04725038898325215,10.237154,1515251.1083602349,634.6374340085421,10.559262,825753.5317790906,707.5435445958958,9.767916,994493.223460646,1358.1494955717112,9.465,0.023,9.323,0.022,9.212,0.021,8.827,0.022,8.836,0.02,8.804,0.034,7.921,0.208,,,,,,,,,,
XY Cet,2015099871749760,44.889726265069925,0.04864827437983341,3.5175463824742006,0.04265313425331741,3.3820300153305523,0.057852526005448025,8.68511,6328520.301633368,5440.672161785238,8.829826,4060921.058661805,11442.471789421868,8.483343,3246616.0317194127,9375.08084601627,8.212,0.023,8.194,0.031,8.115,0.021,8.12,0.022,8.157,0.019,8.173,0.023,7.879,0.219,,,,,,,,,,
V1388 Ori,3342421035256268544,92.74651746879289,0.06777034416350512,11.99485082001937,0.06951302401459862,1.2811576837058405,0.08227081366363001,7.410427,2.0472716310974278E7,44162.54559448568,7.401098,1.5139661690718321E7,117979.50281294668,7.4664054,8283347.733539564,94780.77230395339,7.506,0.024,7.541,0.027,7.551,0.034,7.622,0.031,7.661,0.019,7.709,0.019,7.31,0.115,,,,,,,,,,
WZ Oph,4394903320895780608,256.6628294258816,0.028334794979241795,7.782724863750871,0.02520718004832194,6.372188778808755,0.03316085881787283,8.950201,4957535.482150192,1692.681495418054,9.259887,2732753.681745162,3800.578594974485,8.511665,3163019.709101132,4991.996730871743,8.574,0.024,8.369,0.033,8.269,0.026,7.655,0.03,7.674,0.019,7.661,0.02,7.308,0.131,,,,,9.46819019317627,0.00100000004749745,,,12.1816997528076,0.0
AI Hya,3077483709857255808,124.69787120299475,0.045722698587910116,0.2834927264374388,0.0354635960120828,1.5541357600204821,0.06313481856586362,9.295516,3606948.39139573,3357.9822283784924,9.4940405,2202618.2812707247,8477.205024780505,9.013668,1992052.9565506626,7766.330135575261,8.7,0.019,8.598,0.053,8.54,0.023,8.51,0.023,8.51,0.02,8.486,0.025,8.189,0.205,,,,,,,,,,
EW Ori,3234273101609865344,80.03807668498031,0.04098341686385797,2.0444838532902136,0.0356704764294236,5.4153890108629215,0.04907513710016513,9.764692,2341365.820227977,4058.8060334394204,10.090264,1271890.1760639844,7071.297491680369,9.312342,1512973.1907640204,7464.331677196421,8.808,0.023,8.604,0.063,8.498,0.021,8.429,0.022,8.45,0.019,8.449,0.026,8.405,0.312,,,,,,,,,,
V2368 Oph,4387422449939469696,259.0594671923274,0.04007894623699703,2.186129033360089,0.03747114133122319,4.596395903492563,0.05428156643343209,6.1020513,6.831652024615088E7,39654.73371231276,6.2498517,4.3713407008081116E7,92005.00372463124,5.8991256,3.508470305554471E7,168862.81995013834,5.552,0.021,5.522,0.031,5.494,0.016,5.552,0.142,5.31,0.06,5.525,0.015,5.459,0.035,,,,,,,,,,
V335 Ser,4410103003998422656,239.77405886349905,0.04123734072102706,0.595687451188367,0.028516313028540134,4.94400836759149,0.050670958162651214,7.419179,2.0308353611052282E7,7130.731294083048,7.505815,1.374767547202876E7,38611.63786664116,7.3190284,9487604.11874057,22540.746654134422,7.134,0.021,7.123,0.033,7.065,0.021,7.096,0.034,7.11,0.021,7.13,0.019,6.982,0.112,,,,,,,,,,
EE Peg,1741318868675197184,325.0080134504557,0.05452231187038314,9.184813024888303,0.06560083293281421,6.914299251348614,0.06581781212033264,6.933112,3.177616149098723E7,15571.495057051816,7.025918,2.138888342561768E7,263929.2546251597,6.8665237,1.4393237679722354E7,168387.63024573686,6.72,0.018,6.717,0.04,6.646,0.029,6.636,0.072,6.634,0.023,6.712,0.016,6.765,0.086,,,,,,,,,,
V2365 Oph,4443487368176156416,257.1907821709424,0.030494961433331417,9.18616619668404,0.029206575589178056,3.930172827361016,0.042562151687952444,8.809451,5643727.186570733,1584.0559018124457,8.967419,3577568.4796134327,3147.3734210125494,8.578067,2975372.9498721184,3506.579708344283,8.271,0.024,8.219,0.038,8.147,0.024,8.122,0.024,8.146,0.02,8.134,0.02,8.115,0.258,,,,,,,,,,
V451 Oph,4480898393059979776,277.30855842934517,0.06480183886924024,10.89206658981596,0.08204627312484027,3.3035967356871025,0.08897717189215638,7.8406343,1.3775030630661653E7,9821.069807949832,7.912463,9453008.458371304,39040.52171197188,7.7481847,6389902.071922815,26166.79160932402,7.626,0.034,7.637,0.051,7.573,0.027,7.605,0.033,7.627,0.02,7.659,0.02,7.398,0.108,,,,,,,,,,
AQ Ser,4421976453969626624,230.56328207604724,0.03327278699912657,2.503069186667595,0.02977132662012768,1.6251964219987145,0.03912091903789024,10.486677,1204135.2181396545,6032.135971746999,10.740908,698541.6326883627,10765.833846796753,10.083199,743855.3549981667,10805.708407016316,9.626,0.024,9.399,0.023,9.34,0.019,9.356,0.024,9.379,0.02,9.372,0.033,9.299,0.429,,,,,,,,,,
FT Ori,3376855677854277376,93.492308130576,0.05644353115747947,21.427545798016418,0.05166335321435505,2.1598011331382154,0.05230072857296572,9.245939,3775464.7452860684,1756.2125074776457,9.292872,2650979.415799508,8319.194068278832,9.190803,1692181.2940606643,4090.1182028031067,9.085,0.019,9.119,0.015,9.087,0.019,9.13,0.024,9.169,0.019,9.175,0.045,8.144,,,,,,,,,,,
V624 Her,4500441112720667904,266.07185268020123,0.04276974463482921,14.4101328620428,0.05024081722063368,7.111872495391238,0.06284553828322466,6.1480045,6.548539237297168E7,45924.059948034854,6.279194,4.2547853691082425E7,138265.2814583046,5.9910583,3.223626477641008E7,148454.78599351345,5.74,0.019,5.706,0.018,5.65,9.995,5.704,0.156,5.581,0.051,5.755,0.015,5.719,0.044,,,,,,,,,,
HD 194495,1817160775586294784,306.2950129249474,0.04922615245155975,21.488560491257058,0.058907556902788136,1.4527873446601571,0.06999904317099993,7.021595,2.9289248842384674E7,30458.665328709318,7.014668,2.1611657604626905E7,156803.92899974913,7.1071005,1.15326135844048E7,63038.602494172235,7.159,0.019,7.221,0.023,7.249,0.018,7.221,0.036,7.294,0.02,7.269,0.018,6.18,0.046,7.2262601852417,0.00100000004749745,7.26075983047485,0.00100000004749745,8.36089038848877,0.00100000004749745,12.336199760437,0.00100000004749745,7.60184001922607,0.153582006692886
NP Per,166437168205381376,63.74067017673613,0.05796533656917205,31.445558272155722,0.028705356747659196,3.3817878764552223,0.06407936617548093,11.291617,573719.1676465449,818.483106767708,11.751066,275504.6279422654,345.63256704064895,10.699198,421782.93490003084,623.4295302304542,9.895,0.021,9.532,0.022,9.409,0.017,9.375,0.023,9.374,0.02,9.278,0.039,8.44,,11.9651002883911,0.05103699862957,11.7447996139526,0.00100000004749745,11.3563995361328,0.00133799994364381,11.3016996383667,0.0,10.9327001571655,0.00374699989333749
V501 Her,4600517286689143552,263.93100808848794,0.01735086671391768,30.64294368249794,0.018259956496838946,2.3093854846849684,0.022373999288057632,10.978694,765365.2687321557,442.7077011229443,11.364072,393483.62603717897,503.20169278993234,10.464085,523762.10223944543,549.6142191688341,9.88,0.021,9.584,0.019,9.483,0.019,9.419,0.024,9.462,0.02,9.422,0.036,8.408,,11.0509996414185,0.0241490006446838,10.9995002746582,0.0792879983782768,11.0945997238159,0.119046002626419,11.7218999862671,0.0573239997029305,10.8587999343872,0.00107400002889335
DI Her,4534148428383399424,283.35932662525175,0.021682196259036023,24.277980782192593,0.032547787630384184,1.5373894754656725,0.039159155577004404,8.4232435,8054693.639392767,4533.44622538861,8.437938,5826129.958662665,7034.900052306735,8.40014,3505193.9979862287,3855.520144322197,8.39,0.027,8.397,0.034,8.45,0.026,8.467,0.023,8.497,0.02,8.549,0.024,8.749,0.417,,,,,,,,,,
CF Tau,53192796302413952,61.29217881677082,0.08921821457775447,22.496673444057148,0.037460167579178,3.6786932753210575,0.09236661707385535,9.803784,2258565.0195410703,2158.5513821912723,10.368751,984135.8830825379,5906.4421508177875,9.13458,1782116.6495939163,12103.14715377055,8.243,0.029,7.846,0.027,7.71,0.017,7.707,0.031,7.709,0.02,7.656,0.02,7.7,0.189,,,,,,,,,,
TX Cnc,661190015991474688,130.00693505219215,0.04829902074486781,18.99978595012777,0.03251189675763094,5.323903130731601,0.05891701068988439,10.039619,1817601.612324317,10825.541205293031,10.389878,965170.4955607887,17979.253104272848,9.570685,1192597.260020377,21799.692676766517,9.053,0.02,8.767,0.027,8.698,0.018,8.605,0.023,8.626,0.019,8.584,0.03,7.935,,,,,,,,,,,
V442 Cyg,1861738069358924672,306.967991269316,0.022441831934828058,30.79125826809566,0.026778810704198765,2.937277365295112,0.03437560606330599,9.589,2752619.8759981715,1546.9375464587151,9.834344,1609969.8086251311,1734.7601562059724,9.228348,1634665.201594438,3593.405249374873,9.154,0.02,8.98,0.018,8.948,0.016,8.624,0.023,8.671,0.02,8.632,0.023,8.647,0.349,,,,,,,,,,
V885 Cyg,2032636398639228160,293.20773078450964,0.021746416613385236,30.021359059501236,0.027572815904186095,1.0373776239219938,0.0307214780507433,10.028468,1836365.852658186,8203.660417314539,10.134519,1221089.9713249272,18252.105900234244,9.869066,906027.6178025231,11720.628716502539,9.568,0.021,9.575,0.024,9.518,0.02,9.497,0.023,9.526,0.019,9.528,0.038,8.44,,,,,,,,,,,
BP Vul,1817081365931079424,306.38855205322596,0.03649386477112937,21.03835499213355,0.03174725679100294,2.4115592211072485,0.04479870223445052,9.761383,2348512.507388286,3883.1593044108554,9.896471,1520431.3414220978,7148.299034588737,9.546873,1219042.7780655767,5164.370370605544,9.298,0.02,9.205,0.02,9.158,0.014,9.17,0.023,9.203,0.02,9.206,0.033,8.913,0.407,10.0971002578735,0.00100000004749745,10.1794996261597,0.129591003060341,10.2109003067017,0.258085012435913,13.4040002822876,0.0018729999428615,10.8598003387451,0.285003006458282
AD Boo,1255014320341785216,218.8031398507237,0.04610050257986588,24.639235432509036,0.0643644952495595,5.117784865514731,0.07263587076733277,9.270625,3690593.431691451,2062.7903288648076,9.535959,2119198.171052255,3864.1420189688106,8.858296,2298526.36835382,3814.518466769101,8.389,0.019,8.157,0.023,8.106,0.023,8.127,0.024,8.151,0.02,8.144,0.019,8.038,0.165,,,,,,,,,,
BK Peg,2852979962499356288,356.78515073664283,0.03252374059701057,26.566584309969542,0.024302340697781675,3.1386766218176296,0.0526217109261089,9.829087,2206537.588550314,690.1902133015051,10.133629,1222091.8995317093,855.825564077433,9.395988,1400789.0481020208,798.8260093065908,8.892,0.02,8.643,0.024,8.611,0.019,8.576,0.022,8.602,0.02,8.554,0.024,8.442,0.321,,,,,,,,,,
RT CrB,1272930282497618048,234.5126785529977,0.01474237670483693,29.48720881865528,0.02417879970088022,2.492891377324075,0.02850544721486208,10.01325,1862284.6628328024,1369.4026099482774,10.400013,956202.7421711823,1441.4203606061762,9.492164,1282042.261441721,2082.5760326331015,8.863,0.02,8.532,0.059,8.478,0.021,8.415,0.022,8.452,0.019,8.382,0.02,8.404,0.2,10.5305995941162,0.00843300018459558,10.3292999267578,0.106201998889446,10.0410003662109,0.028991999104619,10.0750999450684,0.0217889994382858,11.6900997161865,0.00100000004749745
LV Her,4557402515188596224,263.88506324746373,0.013271192981734452,23.175110251530477,0.018009347119183422,2.672229317945381,0.02411928181723548,10.88534,834085.4469132125,476.971350548192,11.200994,457254.17743455095,576.724049174289,10.43921,535900.1676573515,487.8802517681374,9.905,0.018,9.665,0.025,9.631,0.018,9.592,0.023,9.622,0.02,9.59,0.043,8.238,,,,,,,,,,,
WW Aur,3436234803310568448,98.11313458725851,0.08276349686922331,32.45482322164164,0.07944990753780436,10.997896686183989,0.08292470293280749,5.802115,9.005345580017446E7,235525.89562024802,5.891159,6.082633886418323E7,412421.5461721531,5.778834,3.919534940636406E7,1139756.508537496,5.498,0.021,5.499,0.026,5.481,0.021,5.549,0.148,5.417,0.058,5.579,0.015,5.271,0.043,,,,,,,,,,
AG Per,170654035816903680,61.732632952063184,0.3836799540282914,33.44634164465548,0.32974185890188823,0.04556215215257134,0.47168348151125833,6.7925715,3.616743964735344E7,157423.29000916143,6.6979284,2.8932361264905516E7,129301.54748726479,6.6744475,1.717864526227543E7,112348.51788630984,,,,,,,6.776,0.065,6.747,0.021,6.855,0.016,6.773,0.093,,,,,,,,,,
GX Gem,938680396921810304,101.53806394634292,0.05777733120793649,34.414614550378936,0.05019138247239715,1.2746307167900708,0.06796360102873147,11.195924,626580.453950929,288.575543753207,11.510665,343786.9232085377,401.535496384269,10.738168,406912.36346950935,599.2332975324701,10.249,0.018,9.966,0.017,9.927,0.017,9.926,0.023,9.939,0.02,9.886,0.063,8.731,,,,,,,,,,,
HS Aur,954726772696225536,102.82701501141467,0.03468813357570472,47.673352215338376,0.03692033511958584,7.365929580777147,0.036810526464036555,9.919621,2030008.1254658815,1217.098166803018,10.316792,1032378.078354246,1483.486040132933,9.396341,1400333.2946781497,1260.7336468643766,8.801,0.021,8.439,0.017,8.375,0.023,8.31,0.022,8.346,0.02,8.308,0.023,8.567,0.354,,,,,,,,,,
V478 Cyg,2061089113838868480,304.91142858456726,0.022693347704809276,38.33586191324432,0.028459877811912324,0.44987783408027887,0.030506582075079426,8.528396,7311190.158715089,10175.517370617456,8.84623,4000032.394889145,32357.169224046676,8.079036,4711440.328616003,16586.151218139203,7.909,0.018,7.794,0.016,7.759,0.021,7.358,0.029,7.441,0.021,7.581,0.023,7.677,0.235,,,,,,,,,,
KIC 8410637,2105415749007167616,282.15870519928365,0.01737189039838494,44.48606352640025,0.019898247555388313,0.7894515181856284,0.02004917134024814,10.758777,937206.9467402507,383.70882737572964,11.329469,406226.08811493515,274.6049282819955,10.074067,750138.0957763719,371.1944309108312,9.172,0.032,8.637,0.04,8.492,0.011,8.418,0.023,8.518,0.02,8.401,0.022,8.331,0.214,,,,,,,,,,
Y Cyg,1869256701670871168,313.014919451629,0.03121738408518712,34.65756621119879,0.03402113923460973,0.5762874109808129,0.043380129029612566,7.2460976,2.381810960070005E7,13712.043517031503,7.218842,1.7906818155054454E7,22766.714570886557,7.3180337,9496302.439186381,17100.83214910246,7.416,0.021,7.539,0.016,7.563,0.018,7.664,0.027,7.745,0.02,7.822,0.017,7.875,0.166,,,,,,,,,,
AP And,1927062769572959744,357.3779931895634,0.03496727602331124,45.78921703785921,0.02014671815312507,2.8663264774927444,0.04145921637365088,10.900666,822393.4974466596,926.9522786439825,11.214968,451406.97792897397,645.2546255626038,10.46742,522155.9973192712,501.84485979941013,9.971,0.022,9.738,0.024,9.672,0.019,9.679,0.023,9.708,0.02,9.643,0.032,9.002,0.386,,,,,,,,,,
KIC 11285625,2131979370116194432,285.2161694851351,0.01793644894163528,49.08943752562925,0.01930563600982304,1.8822553421794919,0.01900776848542754,10.087757,1738775.791799517,1113.1600673385026,10.299905,1048560.3413326733,2140.8973375038368,9.773103,989752.8313844308,1811.5469033817901,9.387,0.022,9.246,0.018,9.197,0.014,9.177,0.023,9.2,0.02,9.163,0.026,8.914,0.312,,,,,,,,,,
AR Aur,181983575426242944,79.57881254109394,0.08192456474228607,33.76723997672501,0.0637517918963226,6.7165143323384715,0.09471624309086074,6.128113,6.6696218663414404E7,51487.86110126964,6.121731,4.918842805201991E7,197900.74547151956,6.185383,2.6953482393463764E7,111243.5657267388,6.19,0.019,6.254,0.017,6.265,0.023,6.319,0.088,6.251,0.026,6.353,0.016,6.279,0.065,,,,,,,,,,
CO And,401078859445256192,17.853537819880206,0.048833221055066864,46.963657558954914,0.0338115676009105,2.5437347827958283,0.06239262603801015,10.508286,1180407.141363855,403.2106624904361,10.834027,641127.489850471,453.62913180538635,10.0434675,771580.2834747462,808.7667006065171,9.474,0.023,9.302,0.018,9.185,0.019,9.137,0.023,9.159,0.019,9.114,0.026,9.017,0.397,,,,,,,,,,
V453 Cyg,2059095424401407232,301.64567579206056,0.026336948534830075,35.7406021442896,0.03306475663448506,0.6587812084027341,0.03849919248604696,8.2102785,9800201.862115018,11415.152734239706,8.324726,6466435.632034162,21394.415401614628,8.012629,5008602.075474505,14152.537109970042,7.805,0.026,7.848,0.033,7.833,0.024,7.877,0.025,7.952,0.019,7.295,0.018,4.946,0.041,,,,,,,,,,
V364 Lac,1928855351478724736,343.06179647337973,0.033005605507306614,38.745721596275985,0.03336911041029976,2.4363162444550843,0.04450425247578891,8.29567,9058961.011809867,4596.705796013018,8.410923,5972909.154871835,5159.323437168709,8.119057,4540936.811731309,4501.0440455530415,7.882,0.02,7.822,0.024,7.782,0.027,7.712,0.027,7.756,0.021,7.757,0.019,7.765,0.145,,,,,,,,,,
HP Aur,185452500248885248,77.5906914353794,0.13203335281274983,35.796197028439934,0.07372657732217787,5.211625702502606,0.08143956694164696,10.97587,767358.3244066082,3204.8685495821646,11.383017,386677.4104621351,4756.676518979316,10.455071,528128.0525184325,6691.9664095855715,9.757,0.022,9.378,0.032,9.292,0.019,9.265,0.024,9.277,0.02,9.232,0.036,8.445,,,,,,,,,,,
IQ Per,246797724301643904,59.936250662267625,0.04197361467349421,48.15117852316756,0.024381256610945923,3.2595364786418695,0.05140077067007093,7.6818714,1.5944019149296636E7,11435.124864187452,7.7261047,1.1223112840161322E7,20991.17039839965,7.6336646,7100715.891642326,39790.71142723327,7.561,0.03,7.591,0.031,7.544,0.018,7.587,0.032,7.623,0.02,7.708,0.019,7.814,0.162,,,,,,,,,,
MY Cyg,2054756957652357888,305.014212176404,0.02476548662698788,33.943071362017626,0.031290266140980995,3.99213962699951,0.03862138016934576,8.233296,9594620.912974881,5017.940717099071,8.418885,5929270.501141824,10085.546741204065,7.958294,5265630.174393092,7490.817723222187,7.692,0.044,7.577,0.04,7.522,0.024,7.466,0.027,7.515,0.02,7.519,0.019,7.252,0.099,,,,,,,,,,
BD+36 3317,2093905374093557504,283.5926490301127,0.03120988826584576,36.852059414721545,0.036411636480372454,2.7526464290525645,0.038975224608236624,8.762667,5892231.362562885,2517.6891896187344,8.797201,4184799.2099459902,5348.064607417629,8.724012,2601136.5590482936,3157.504013168453,8.917,0.02,8.922,0.02,8.934,0.015,8.558,0.021,8.632,0.021,8.475,0.033,7.655,0.133,,,,,,,,,,
KIC 5738698,2075087133820361088,299.719758386392,0.04690733149810905,40.90392772810581,0.04942392970266546,1.0335036529073571,0.05435402943938745,11.906159,325748.61319230817,211.0941559196074,12.165225,188133.13589332098,367.82625266498184,11.4732065,206769.00057956428,328.9295254285346,11.002,0.02,10.768,0.022,10.747,0.018,10.695,0.023,10.713,0.021,10.579,0.057,8.785,,,,,,,,,,,
IT Cas,1944868020357285504,355.50569881804535,0.026453760315521817,51.74352692159399,0.023546981736831108,2.0148611660609475,0.03582975345547341,11.034245,727191.0371407625,555.9260774793188,11.301116,416973.94917577744,382.94597380183916,10.636524,446846.32292479405,345.2714540222006,10.212,0.02,9.957,0.021,9.915,0.016,9.887,0.023,9.921,0.02,9.968,0.05,8.905,,,,12.0144996643066,0.0,,,11.0525999069214,0.00100000004749745,11.1922998428345,0.00100000004749745
CV Boo,1387290280744129152,231.58129207939538,0.017955380961441496,36.981532827274314,0.021502210038167713,3.9719769272684706,0.023780977795171118,10.714046,976625.6949014621,2237.777886848061,11.056714,522239.3522189383,3658.2675962090393,10.231767,648726.2389630311,4411.23109806909,9.57,0.021,9.282,0.019,9.201,0.017,9.257,0.023,9.277,0.021,9.203,0.024,9.215,0.408,,,,,,,,,,
KIC 3858884,2052393901006466048,293.6954048410375,0.021997540174848174,38.982754004615074,0.029178444131526777,1.808958900895295,0.031702685502533454,9.2421055,3788821.1391983605,2721.385694555737,9.454961,2283340.9133762,6429.284553530686,8.927605,2156383.748941549,3968.5819580687785,8.594,0.024,8.439,0.02,8.4,0.017,8.342,0.023,8.37,0.02,8.362,0.02,8.195,0.21,,,,,,,,,,
HD 71636,904854746325664000,127.48465104997987,0.056981228116397546,37.07095422585481,0.04510472584090267,8.24321102950573,0.06621514809495087,7.781775,1.4542405950989626E7,3934.054682760353,8.014875,8602114.9654785,17002.571343389453,7.459232,8338256.681024048,28058.557467570645,7.074,0.02,6.922,0.021,6.886,0.034,6.853,0.063,6.857,0.022,6.903,0.017,6.844,0.102,,,,,,,,,,
V432 Aur,189291376380052992,84.38523988613935,0.05511277156083516,37.086887443303794,0.05154715819239991,7.870192201328175,0.0738679231343867,7.8446255,1.3724488287950713E7,10435.705380729489,8.162945,7505462.545651343,21053.49045670024,7.3975453,8825714.754872521,17389.557020227567,6.864,0.018,6.587,0.02,6.518,0.016,6.594,0.074,6.523,0.024,6.535,0.015,6.574,0.084,,,,,,,,,,
FL Lyr,2130371574879626112,288.02025930076223,0.020651330465778533,46.32432808835351,0.023908615161519126,7.405985640681033,0.02514934108006997,9.20067,3936209.888442639,2142.4457052746857,9.512216,2166051.8663860126,4867.488560216258,8.760895,2514259.6758760544,6696.715044867114,8.243,0.026,7.985,0.033,7.899,0.02,7.877,0.027,7.904,0.02,7.897,0.019,7.784,0.131,,,,,,,,,,
RW Lac,1988664351633304320,341.2380217747109,0.023199956759690058,49.65757882179185,0.022593874555283982,4.8079185759169185,0.02928295873330485,10.438132,1259196.27317071,324.39000816709404,10.810413,655223.984949751,424.98667326801325,9.926206,859578.5817470796,531.9334147501606,9.299,0.02,8.961,0.017,8.871,0.018,8.849,0.024,8.881,0.02,8.825,0.023,8.575,,,,,,,,,,,
V570 Per,435997252803241856,47.39589242447773,0.02956921879905012,48.62446782453185,0.02473886336328913,8.351228075232974,0.04350894355114527,7.9409757,1.2559027253633596E7,4271.409887251653,8.196699,7275711.520219796,5162.617569417064,7.5703616,7527025.572786004,9279.826817561892,7.16,0.026,6.948,0.017,6.882,0.02,6.89,0.061,6.887,0.021,6.92,0.016,6.777,0.071,,,,,,,,,,
V1061 Cyg,2169527108088349952,316.83564710609113,0.027788280619780385,52.04971426718114,0.031200005837287683,5.8881252623809734,0.03186643596394537,9.091422,4352887.541962609,1309.5093941536486,9.39993,2402057.526241125,2626.4194361032405,8.654581,2772909.108170205,4207.70314387787,8.122,0.021,7.917,0.024,7.831,0.021,7.772,0.024,7.842,0.02,7.822,0.018,7.802,0.15,,,,,,,,,,
IM Per,445958725070708864,47.926282277160276,0.03762898958561692,52.21172426983096,0.030805214069859605,1.5169070265052693,0.049576661873429434,10.946028,788742.4527856947,1106.8445522733912,11.349303,398872.23385850014,1710.9476760159152,10.405916,552588.072949693,2569.7642577234183,9.72,0.023,9.539,0.022,9.423,0.019,9.405,0.023,9.428,0.021,9.465,0.039,8.374,,,,,,,,,,,
ZZ UMa,1049087857023628672,157.51347638216927,0.020186633790776252,61.81150065070167,0.025943626505898515,5.590102538276545,0.033689212409162284,9.6986685,2488163.5001067235,1165.9608444498144,10.033663,1339954.9983137045,2329.911315462955,9.2322,1628876.3417091074,2195.2094638794,8.713,0.029,8.412,0.021,8.334,0.014,8.301,0.023,8.351,0.019,8.29,0.021,8.624,0.319,,,,,,,,,,
AH Cep,2211503747619173376,341.97056589654505,0.02963422734115963,65.06216426645247,0.03338557216121977,1.1018107880997225,0.03384475038048095,6.81054,3.557379337040481E7,207747.73026475072,6.9919953,2.20677044007144E7,422658.4328716556,6.545515,1.9344697371074144E7,312712.5068011016,6.444,0.021,6.41,0.047,6.422,0.016,6.308,0.081,6.23,0.027,6.408,0.015,6.301,0.047,,,,,,,,,,
CW Cep,2207689919741675264,346.00924464748965,0.49441657159040264,63.396867216168644,0.4178375711335594,1.039768661033912,0.48536858838770075,7.535629,1.824293600863433E7,56381.150876544474,7.734443,1.1137251176672049E7,40354.47024374361,7.1625314,1.0958607358603623E7,99519.32382506055,6.704,0.023,6.668,0.04,6.585,0.027,6.521,0.073,6.369,0.025,6.071,0.015,5.321,0.034,,,,,,,,,,
MU Cas,429158427922077184,3.9648116415735357,0.030042675036400776,60.43156199549462,0.029908781673202295,0.4528786442709448,0.03971457788240924,10.741293,952421.3857731764,417.07713911680815,10.901879,602287.0793546911,781.9729146945848,10.458137,526639.2989636085,531.5321612277797,10.127,0.022,10.083,0.021,10.02,0.016,10.015,0.023,10.038,0.02,9.989,0.046,8.756,0.215,,,,,,,,,,
WX Cep,2205311401215067904,337.8158304345048,0.0244704537264853,63.52265636444383,0.024714182071597555,2.2851548490650444,0.02716976316937228,8.828378,5546196.208017517,5772.255864403979,9.0782,3230539.915108986,9215.2959830345,8.465276,3301091.1696627573,10906.370132813357,7.996,0.027,7.948,0.042,7.832,0.016,7.794,0.027,7.843,0.02,7.726,0.02,7.358,0.079,,,,,,,,,,
UZ Dra,2261658485914111744,291.47947271992507,0.023763335947795925,68.93546425553772,0.02748269681339231,5.35769925573132,0.025216364909889658,9.442043,3151583.3228381607,1149.6803910877811,9.713306,1799835.0088876197,2391.5062374978065,9.058591,1911311.6334664878,4334.309126215708,8.616,0.02,8.426,0.02,8.372,0.019,8.341,0.022,8.38,0.02,8.375,0.019,8.418,0.149,,,,,,,,,,
EI Cep,2283626831313777536,322.1174453617495,0.024776160734411194,76.4034387750842,0.024691063925970043,5.022120136521998,0.026947911641873355,7.4887114,1.9048543505592532E7,6845.7490967411795,7.703414,1.1460134628919996E7,28707.28829876777,7.194621,1.0639460960959673E7,26809.910504265674,6.84,0.02,6.734,0.034,6.67,0.018,7.968,0.387,6.655,0.022,6.709,0.016,6.585,0.052,,,,,,,,,,
VZ Cep,2224632053890971520,327.54622366781587,0.02649460274194308,71.44387701211065,0.028392680304366133,4.384710513140385,0.031097236162238816,9.601035,2722276.733053248,1601.1170895364014,9.850771,1585794.3723021965,3545.744613386283,9.232432,1628526.970736237,3579.245439659115,8.784,0.021,8.637,0.03,8.592,0.021,8.563,0.023,8.586,0.02,8.535,0.02,8.391,0.149,,,,,,,,,,
EY Cep,568183560050534016,55.01737101364471,0.024364638150007518,81.01910644232439,0.02260432305370538,3.3411634791328555,0.028372906443182213,9.715373,2450173.836851726,637.4042415392362,9.925033,1480955.756117003,2638.3652721735666,9.40463,1389683.6880402213,1876.4344795245656,9.035,0.03,8.977,0.031,8.841,0.02,8.83,0.023,8.852,0.019,8.804,0.023,8.161,0.202,,,,,,,,,,
SZ Cam,476270508301993344,61.95534352986415,0.07283032375515608,62.33294996627392,0.06565657426517932,0.8838189402938313,0.08753309499429014,6.842394,3.454528832002072E7,65553.70598428784,7.082003,2.031206035004959E7,88979.85469919957,6.4865775,2.042382134718692E7,119285.27725486371,6.122,0.018,6.1,0.02,6.063,0.018,5.907,0.116,5.739,0.03,5.548,0.017,5.84,0.04,,,,,,,,,,
AY Cam,1137428256197026688,126.46567662044248,0.01815736969046508,77.21854650282587,0.022725696163036168,1.9182379849923952,0.02427629424728248,9.646468,2610712.5334691852,1175.2509459082873,9.835355,1608471.3214418604,2740.880791394687,9.367231,1438386.3917106544,3281.9160568233196,9.127,0.063,8.946,0.03,8.914,0.021,8.927,0.022,8.955,0.019,8.982,0.027,8.426,,,,,,,,,,,
RT And,1995525922664199296,347.79202229819697,0.028742456881898183,53.02574831821503,0.028179909609395194,10.126661035105691,0.04241188463575248,8.841871,5477693.576866238,19719.32004181059,9.163224,2987208.762824274,25149.478753613235,8.362027,3630422.0784393423,21507.962421142845,8.037,0.018,7.78,0.02,7.687,0.02,7.43,0.028,7.496,0.019,7.471,0.017,7.485,0.103,,,,,,,,,,
V396 Cas,2009263805058016256,348.3998839754385,0.031843678521773784,56.73810370252693,0.02473294063509693,1.808705955709526,0.03476593330145568,9.532507,2899636.28135692,933.0953552847651,9.646861,1913422.2020153233,2723.715097758236,9.359492,1448675.3559516615,2082.579065302001,9.112,0.026,9.042,0.033,9.027,0.021,9.024,0.023,9.047,0.02,9.048,0.029,9.238,0.472,,,,,,,,,,
EK Cep,2224084016064993536,325.3398740452062,0.03691229575986567,69.69283012581656,0.03371736629776931,5.787857156155109,0.03853469907996784,7.840684,1.3774403417772602E7,4775.468384086559,7.900146,9560858.81153661,12532.938260403398,7.7726045,6247788.010280923,15706.315596046748,7.632,0.026,7.581,0.026,7.559,0.031,7.511,0.032,7.572,0.021,7.571,0.017,7.539,0.08,,,,,,,,,,
V459 Cas,522461335380031104,17.87458835840313,0.02989900762429896,61.14668443992838,0.037729087271532874,1.304491362007604,0.048285902123895205,10.290471,1442639.0611431294,462.0882072544628,10.434813,926041.0691726935,714.9460841725265,10.059131,760528.7705385615,714.9149681989658,9.748,0.022,9.705,0.023,9.638,0.016,9.637,0.024,9.653,0.02,9.628,0.042,8.716,,,,,,,,,,,
BF Dra,2265323776643747456,282.74742253757296,0.024840572870797273,69.88275302260118,0.023937843825373565,2.8786474267853066,0.024992619553135788,9.701615,2481420.3622541935,789.6157708244426,9.972097,1418130.3543940836,2332.4399805950366,9.312287,1513049.8759448135,3313.8253366694025,8.837,0.035,8.634,0.02,8.596,0.019,8.578,0.021,8.604,0.018,8.592,0.016,8.673,0.157,,,,,,,,,,
WW Cam,476214501927713792,67.85539816755113,0.024866849961827815,64.36260577707347,0.021332427974227693,2.1831426317248024,0.029503096629114576,10.045636,1807555.756016021,1205.5541639264834,10.327987,1021787.9154752189,1351.9423192966763,9.637539,1121379.5090916,2171.2394834903143,9.182,0.018,9.117,0.018,9.036,0.02,9.048,0.023,9.038,0.021,9.051,0.03,8.351,,,,,,,,,,,
YZ Cas,539047365205648128,11.412564577458035,0.08323510859159526,74.98797186407319,0.07071129991018647,10.47287122135316,0.09392934548606843,5.614194,1.0707020579405314E8,184785.3189569688,5.6892266,7.325962656142633E7,422241.4159736263,5.7405987,4.060023712394621E7,1119564.9886777592,5.585,0.019,5.644,0.038,5.602,0.021,5.436,0.169,5.282,0.068,5.479,0.015,5.42,0.035,,,,,,,,,,
BG Ind,6410494364389396992,329.6253755477707,0.15933044370335972,-59.01201566326359,0.1769789633227381,19.591714542997227,0.2027538818954949,5.9962935,7.530588398879969E7,100110.70815757058,6.29773,4.182763102636947E7,408546.28012717504,5.626168,4.511290750410751E7,272070.881263829,5.206,0.02,4.993,0.036,4.877,0.026,4.907,0.215,4.615,0.092,4.897,0.014,4.821,0.028,,,,,,,,,,
UX Men,4648210527690481152,82.51390764409172,0.025609198617765318,-76.24867701656167,0.024845682326011306,9.643709553030845,0.024661071045534767,8.088259,1.0965858508613471E7,3757.3536013263865,8.3910055,6083494.026959342,9425.574474377278,7.6706405,6862964.618567453,13103.655076301571,7.195,0.027,6.976,0.027,6.915,0.024,6.903,0.076,6.87,0.02,6.894,0.015,6.871,0.067,,,,,,,,,,
TZ Men,4614607631277672448,82.55754936285105,0.046223845376722375,-84.7849158888518,0.06436771381161724,8.130092498826087,0.04947757353512758,6.1556435,6.502629086814489E7,49814.319573765104,6.1738796,4.688171045735613E7,80914.80087172204,6.1876097,2.6898255834142666E7,213266.7734724402,6.137,0.029,6.119,0.04,6.117,0.026,6.213,0.087,6.068,0.035,6.188,0.015,6.14,0.042,,,,,,,,,,
GV Car,5338661808024777856,166.38694539076496,0.05294245247914965,-58.73048960682996,0.04755815258731794,2.0332045304746647,0.06317607131932403,8.905648,5165198.763053024,3855.392084296252,8.940775,3666447.3450341,4006.520568541795,8.867237,2279676.3619022057,3188.6539024246317,8.804,0.026,8.817,0.049,8.774,0.019,8.733,0.022,8.748,0.019,8.517,0.044,7.753,0.168,,,,,,,,,,
DW Car,5254273672117339520,160.79194709043475,0.023136524026150643,-60.0365866222181,0.02518301403525794,0.27156154224531937,0.028362994891544986,9.670625,2553267.4846431557,6027.6548450658065,9.691678,1836047.9397557927,16993.929781529012,9.619678,1139979.0830893626,4593.103646186762,10.045,0.022,10.113,0.025,10.052,0.025,9.729,0.023,9.81,0.021,8.998,0.154,4.748,,,,,,,,,,,
CV Vel,5323799125200766592,135.1582233165473,0.03408661257728333,-51.555554356698366,0.041327429978930894,1.5339413719715274,0.034899887156033704,6.6494637,4.1263004703066215E7,32765.575745290105,6.59283,3.187302529401189E7,60008.076332841985,6.7919197,1.5417008653049517E7,93153.02278520739,6.963,0.024,7.016,0.033,7.061,0.02,7.04,0.031,7.229,0.023,7.307,0.019,7.139,0.089,,,,,,,,,,
TV Nor,5981555804445480064,241.03852022036372,0.0365560324027452,-51.54451224118841,0.02172932760963701,3.281612907202333,0.04832579143555608,8.946398,4974934.508418425,1581.510214970439,9.096791,3175694.070291881,4158.004085588168,8.709625,2635832.345348104,2732.0882297127614,8.373,0.02,8.322,0.017,8.267,0.02,8.178,0.024,8.221,0.02,8.068,0.076,6.706,,,,,,,,,,,
RS Cha,5209024611054646272,130.80020750387942,0.03637402454206324,-79.06998109630517,0.04312059226744369,10.09596275461348,0.03887342105149739,5.992386,7.557739130354284E7,119666.35824003391,6.2237716,4.477612896685222E7,899432.9222854559,5.879753,3.571632262009365E7,904211.9560590889,5.994,0.03,5.877,0.038,5.852,0.034,5.511,0.161,5.334,0.056,5.497,0.015,5.451,0.031,,,,,,,,,,
V539 Ara,5921022161722960512,267.61832250978995,0.12018656722631577,-53.612458902058975,0.10987323462572489,1.9727064311627078,0.14444900354170664,5.629539,1.0556762267000833E8,113581.64845758824,5.5988297,7.962022655708253E7,119949.1894632082,5.746317,4.0386974014845856E7,208706.0986551274,5.876,0.027,5.914,0.047,5.968,0.034,6.058,0.117,6.002,0.042,6.132,0.01,6.072,0.054,,,,,,,,,,
QX Car,5257663878763302272,148.641160070122,0.05493363841808418,-58.42127025261364,0.04922856305383093,1.3406618330831703,0.06113410709026412,6.584442,4.3809614093077675E7,37629.19083490396,6.51028,3.439086928287865E7,54332.24063838001,6.756502,1.592821628652298E7,62526.90657217963,7.006,0.021,7.143,0.034,7.176,0.024,7.135,0.039,7.28,0.02,7.233,0.017,5.972,0.044,,,,,,,,,,
RZ Cha,5198334162577657984,160.6000330007398,0.023765806155704852,-82.03746761885014,0.027661444169861753,5.724438947832859,0.02465751852551639,7.920686,1.2795933847260825E7,8022.441859589548,8.19497,7287311.904787693,30418.306395639407,7.549003,7676562.06394636,16900.11282536359,7.131,0.03,6.941,0.036,6.904,0.038,6.891,0.061,6.87,0.02,6.894,0.016,6.823,0.057,,,,,,,,,,
EP Cru,6073146153828910080,189.31971433699005,0.028151189855765323,-56.78817513588903,0.030417716698518792,0.9045557054493417,0.0445521368601249,8.64604,6560400.409066087,2402.5339248345567,8.646049,4809899.280558677,3849.914739145241,8.654992,2771859.403629071,2264.5498901171286,8.698,0.029,8.72,0.042,8.731,0.019,8.738,0.023,8.787,0.02,8.761,0.033,7.813,0.138,,,,,,,,,,
V636 Cen,6091428734401256448,214.24114818982295,0.047547512904820136,-49.94521165853801,0.07473905826371657,13.982232131290676,0.08431919222292504,8.494315,7544320.810847932,6297.577365646894,8.84827,3992520.551882247,9752.89988688849,8.011749,5012658.686315805,11475.184250777893,7.474,0.03,7.126,0.027,7.06,0.021,7.043,0.034,7.06,0.02,7.016,0.018,6.939,0.087,,,,,,,,,,
GG Lup,6005849243285423104,229.73478539743152,0.17295631084857882,-40.78831521656105,0.1377331228927921,6.974393502695797,0.17568775777176415,5.599401,1.0853902503769748E8,532742.6012791774,5.511916,8.625588109405507E7,173927.04693116664,5.852051,3.663934320708887E7,1033623.3611413185,6.117,0.02,6.254,0.034,6.212,0.021,5.968,0.089,5.892,0.04,6.039,0.015,5.996,0.05,,,,,,,,,,
AI Phe,4933562966514402176,17.392819118731094,0.017331643584506447,-46.26557317385885,0.017349866079693403,5.833603934059001,0.026183333575315337,8.420679,8073739.192504345,1602.641155478644,8.800786,4171005.2314016344,3083.27125270759,7.912817,5490870.784320037,4158.117385779064,7.301,0.023,6.935,0.034,6.819,0.026,6.729,0.072,6.79,0.022,6.807,0.017,6.802,0.075,,,,,,,,,,
SZ Cen,5870888245478382464,207.64615015312893,0.022721471018073394,-58.49924554269612,0.03190399793649453,1.9640315983832397,0.04206028650890636,8.464226,7756325.930857012,26574.135871802937,8.631609,4874295.478171307,49991.11498417394,8.207571,4185425.641255275,38571.84548061465,8.346,0.026,8.219,0.036,8.154,0.021,,,,,,,,,,,,,,,,,,
zeta Phe,4913847589156808960,17.09632621990923,0.5693333598642305,-55.24562488700102,0.552578773512501,14.675230612132415,0.7331196918303863,4.27303,3.682429144999766E8,1.0336701140710853E7,3.9165058,3.749323532323681E8,1604277.1996958307,4.0992403,1.8410769078169873E8,2201267.9336350393,4.216,0.45,4.215,0.35,4.204,0.41,,,,,,,,,,,,,,,,,,
V4089 Sgr,6737592476585914880,293.53538031104006,0.07172259036381921,-40.034651280540594,0.05424880828593663,6.695584172580686,0.09179833860411701,5.880242,8.380105146451908E7,189242.05135410564,5.9427266,5.8004904657718934E7,329137.1667975476,5.7998247,3.84448488439309E7,254684.64364572562,5.685,0.021,5.629,0.036,5.597,0.024,,,,,,,,,,,,,,,,,,
V1647 Sgr,4037354234303734528,269.8061898079461,0.06435700085490013,-36.93889139683159,0.07070045989537883,5.712111286081708,0.09127649151277464,7.0537124,2.843553111483682E7,15048.227427165582,7.1089597,1.9813964016515378E7,45485.31938669734,7.0149827,1.255379141236992E7,38302.94718787521,6.912,0.024,6.928,0.049,6.887,0.021,,,,,,,,,,,,,,,,,,
TZ For,5047189109469319680,48.6672354369718,0.01728343276561467,-35.55759038509651,0.02244391699025957,5.453730741199864,0.026300734426790314,6.667539,4.0581737248256855E7,10208.27831326909,7.0819163,2.0313682879576236E7,32747.146725055234,6.142456,2.804048669191735E7,55656.21809229887,5.488,0.02,5.129,0.024,4.996,0.029,,,,,,,,,,,,,,,,,,
chi2 Hya,3532312225289255040,166.49004167261725,0.06885697403061211,-27.28792450768372,0.06415910269549063,4.603180231995486,0.09489452718144924,5.683987,1.0040411107247698E8,381189.0128605932,5.7032976,7.231630218956536E7,1047727.0430096459,5.7326946,4.0896869055549644E7,456028.9583683973,5.742,0.021,5.784,0.038,5.765,0.017,,,,,,,,,,,,,,,,,,
PV Pup,3029552115358950528,116.36969355774754,0.030577045805283854,-14.686247732963958,0.02647823034702737,11.601706139301253,0.04438837654612801,6.7884836,3.630386143500824E7,49971.14316496444,6.979968,2.2313521909167547E7,123550.69835907065,6.5274944,1.9668454148684554E7,82093.42455205967,6.574,0.018,6.419,0.029,6.404,0.029,,,,,,,,,,,,,,,,,,
V1031 Ori,3011007889677269888,86.86200693359751,0.586689256804934,-10.53302935432078,0.5454174233502038,2.189777443902485,0.6359099231889164,6.009623,7.438700352502695E7,215501.43831923668,6.105596,4.992485360877711E7,492284.26651835185,5.916364,3.453204312904322E7,551075.8116180474,5.716,0.018,5.681,0.053,5.633,0.024,,,,,,,,,,,,,,,,,,
CoRoT 102918586,3107179766581693696,102.22627421722017,0.03728109423677412,-0.8730281275277676,0.03786154988438718,0.8671237515793819,0.044494443500582924,12.336852,219081.3132178703,83.15789248282935,12.556965,131150.28166605506,160.08414011764515,11.980342,129607.87568608078,239.84564305016704,11.567,0.028,11.454,0.027,11.331,0.023,,,,,,,,,12.3050003051758,,12.2510004043579,,12.2700004577637,,12.2790002822876,,12.3306999206543,0.00619000010192394
PV Cas,2013679340674718208,347.51070835618344,0.02722109552452213,59.20168723487873,0.02918063128003716,1.362482951190622,0.03759596667925666,9.699891,2485363.6967142606,1390.6689524669366,9.809251,1647611.5469743223,6738.190162044246,9.5448065,1221365.2157087922,1614.8857336728656,9.324,0.021,9.341,0.018,9.295,0.031,,,,,,,,,,,,,,,,,,
1SWASP J093010.78+533859.5,1019985085615356672,142.5447582019582,1.0242206840597332,53.64992138060592,1.1222108305547223,23.56221157819086,1.3138189594638623,9.500966,2985106.1991643948,2826.983534546152,10.04483,1326242.9075979874,7849.134077952759,8.80154,2421876.5790702305,24005.590285979953,,,,,,,,,,,,,,,,,,,,,,,,
RR Lyn,997809280404484480,96.60744905897374,0.1364100731815415,56.28519039301894,0.1392320085155148,12.294286498890912,0.1546239202462323,5.469628,1.223193286587659E8,157166.17242300487,5.6057215,7.911643373041129E7,116271.93841499774,5.305109,6.0635152951159656E7,169554.86390670497,5.471,0.29,5.066,0.02,4.993,0.016,,,,,,,,,,,,,,,,,,
V505 Per,455772347387763840,35.30432884877646,0.0200292238863334,54.510062003319256,0.027747807824373718,15.97038697451183,0.03878932419570614,6.7415566,3.7907361266202986E7,7786.904671067371,6.982072,2.2270326923533186E7,12974.420445432943,6.3996177,2.2126917787091505E7,17794.230518085933,6.07,0.067,5.793,0.036,5.771,0.02,,,,,,,,,,,,,,,,,,
KIC 9246715,2082288144698194944,300.9513572072175,0.023088004943119442,45.60411606602542,0.025987837919292583,1.623847647437065,0.02860354961728844,9.2779455,3665792.8398714378,1203.1433038085167,9.856678,1577190.0932285953,2144.799439659853,8.594234,2931392.8790371865,4064.0829327626193,7.679,0.018,7.208,0.02,7.085,0.024,,,,,,,,,,,,,,,,,,
V342 And,386917424557512320,2.513398218666027,0.0482981945713863,46.390257691728245,0.030363000263434293,6.294266138104204,0.05428036115117544,7.782438,1.45335337889871E7,4352.96466403989,7.875996,9775902.790286709,9047.199839623485,7.655088,6961980.864369833,7784.809746986004,7.362,0.034,7.269,0.031,7.245,0.027,,,,,,,,,,,,,,,,,,
V380 Cyg,2073743839843579776,297.65551057522265,0.0719682521979439,40.59972506473762,0.08443032364910381,0.9417389350456754,0.09210667228384416,5.6319346,1.0533491607160251E8,218971.34776630544,5.6103888,7.877704242409518E7,455139.7133456917,5.67235,4.323426245247254E7,284948.1750730456,5.712,0.02,5.757,0.027,5.769,0.026,,,,,,,,,,,,,,,,,,
beta Aur,196656661174768512,89.88182329162628,1.1927227064387067,44.94743204476693,0.7647279016346133,,,1.7141398,3.887678761209498E9,3.575340607434558E7,5.1343517,1.2212778786011812E8,8.257384884390934E7,2.3981845,8.820520164491348E8,2.7731736915050004E7,1.756,0.222,1.76,0.168,1.778,0.19,,,,,,,,,,,,,,,,,,
CG Cyg,1866704219781935360,314.55609027616043,0.021318662084482805,35.174849350917874,0.049505149598744205,10.260844353405021,0.034364094888788284,10.080814,1749928.7878164197,10424.093624573632,10.4599085,904882.1737262862,19340.162150387707,9.351181,1459807.335501038,41170.50952085118,8.353,0.019,7.896,0.023,7.747,0.021,,,,,,,,,,,,,,,,,,
KX Cnc,709910784966516992,130.69238438079432,0.036247427428791786,31.862421574186094,0.02363616574429555,20.281721502752482,0.05050950867574769,7.036321,2.889467155470092E7,5067.550604459808,7.3544407,1.5804438473629352E7,13601.909527807453,6.604437,1.8322856508703016E7,22012.552207381825,6.509,0.021,6.278,0.027,6.213,0.018,,,,,,,,,,,,,,,,,,
U Oph,4386731922277625344,259.13213415036086,0.09307421834030827,1.210499088711539,0.08162847163745218,3.7431827540134393,0.13072892250851542,5.866255,8.488763589617161E7,237479.86242596293,5.903025,6.016517579213361E7,492957.39368686447,5.785827,3.894369341222273E7,173070.884656922,5.656,0.02,5.72,0.044,5.739,0.027,,,,,,,,,,,,,,,,,,
V578 Mon,3131334452194616192,98.002524334317,0.1208981381419389,4.878026364948468,0.10731234366593809,0.5323811715552986,0.15787279618245628,8.518757,7376384.670660245,25327.05686451744,8.58898,5069480.66780229,14995.744564004941,8.349315,3673177.820403715,51808.589559019,8.152,0.024,8.125,0.034,8.12,0.024,,,,,,,,,,,,,,,,,,
V1130 Tau,3270203565354460032,57.6747175565413,0.03454015532131723,1.56395412559266,0.024666391472950657,14.25517757456021,0.04279256210775405,6.5602856,4.479526425931678E7,247391.8648239347,6.831314,2.5587599367535517E7,463988.8121586556,6.243266,2.5554160910696525E7,426762.2083033618,5.755,0.024,5.596,0.031,5.505,0.024,,,,,,,,,,,,,,,,,,
